Day,Rabbits,Foxes,AvgVegetation
1,6400,128,1.00
2,6400,128,1.00
3,6400,128,1.00
4,6400,128,1.00
5,6400,128,1.00
6,6400,128,1.00
7,6400,128,1.00
8,6400,128,1.00
9,6400,128,1.00
10,6400,128,1.00
11,6400,128,1.00
12,6400,128,1.00
13,6400,128,1.00
14,6400,128,1.00
15,6400,128,1.00
16,6400,128,1.00
17,6400,128,1.00
18,6400,128,1.00
19,6400,128,1.00
20,6400,128,1.00
21,6400,128,1.00
22,6400,128,1.00
23,6400,128,1.00
24,6400,128,1.00
25,6400,128,1.00
26,6400,128,1.00
27,6400,128,1.00
28,6400,128,1.00
29,6400,128,1.00
30,6400,128,1.00
31,6400,128,1.00
32,6400,128,1.00
33,6400,128,1.00
34,6400,128,1.00
35,6400,128,1.00
36,6400,128,1.00
37,6400,128,1.00
38,6400,128,1.00
39,6400,128,1.00
40,6400,128,1.00
41,6400,128,1.00
42,6400,128,1.00
43,6400,128,1.00
44,6400,128,1.00
45,6400,128,1.00
46,6400,128,1.00
47,6400,128,1.00
48,6400,128,1.00
49,6400,128,1.00
50,6400,128,1.00
51,6400,128,1.00
52,6400,128,1.00
53,6400,128,1.00
54,6400,128,1.00
55,6400,128,1.00
56,6400,128,1.00
57,6400,128,1.00
58,6400,128,1.00
59,6400,128,1.00
60,6400,128,1.00
61,6400,128,1.00
62,6400,128,1.00
63,6400,128,1.00
64,6400,128,1.00
65,6400,128,1.00
66,6400,128,1.00
67,6400,128,1.00
68,6400,128,1.00
69,6400,128,1.00
70,6400,128,1.00
71,6400,128,1.00
72,6400,128,1.00
73,6400,128,1.00
74,6400,128,1.00
75,6400,128,1.00
76,6400,128,1.00
77,6400,128,1.00
78,6400,128,1.00
79,6400,128,1.00
80,6400,128,1.00
81,6400,128,1.00
82,6400,128,1.00
83,6400,128,1.00
84,6400,128,1.00
85,6400,128,1.00
86,6400,128,1.00
87,6400,128,1.00
88,6400,128,1.00
89,6400,128,1.00
90,6400,128,1.00
91,6400,128,1.00
92,6400,128,1.00
93,6400,128,1.00
94,6400,128,1.00
95,6400,128,1.00
96,6400,128,1.00
97,6400,128,1.00
98,6400,128,1.00
99,6400,128,1.00
100,6400,128,1.00
101,6400,128,1.00
102,6400,128,1.00
103,6400,128,1.00
104,6400,128,1.00
105,6400,128,1.00
106,6400,128,1.00
107,6400,128,1.00
108,6400,128,1.00
109,6400,128,1.00
110,6400,128,1.00
111,6400,128,1.00
112,6400,128,1.00
113,6400,128,1.00
114,6400,128,1.00
115,6400,128,1.00
116,6400,128,1.00
117,6400,128,1.00
118,6400,128,1.00
119,6400,128,1.00
120,6400,128,1.00
121,6400,128,1.00
122,6400,128,1.00
123,6400,128,1.00
124,6400,128,1.00
125,6400,128,1.00
126,6400,128,1.00
127,6400,128,1.00
128,6400,128,1.00
129,6400,128,1.00
130,6400,128,1.00
131,6400,128,1.00
132,6400,128,1.00
133,6400,128,1.00
134,6400,128,1.00
135,6400,128,1.00
136,6400,128,1.00
137,6400,128,1.00
138,6400,128,1.00
139,6400,128,1.00
140,6400,128,1.00
141,6400,128,1.00
142,6400,128,1.00
143,6400,128,1.00
144,6400,128,1.00
145,6400,128,1.00
146,6400,128,1.00
147,6400,128,1.00
148,6400,128,1.00
149,6400,128,1.00
150,6400,128,1.00
151,6400,128,1.00
152,6400,128,1.00
153,6400,128,1.00
154,6400,128,1.00
155,6400,128,1.00
156,6400,128,1.00
157,6400,128,1.00
158,6400,128,1.00
159,6400,128,1.00
160,6400,128,1.00
161,6400,128,1.00
162,6400,128,1.00
163,6400,128,1.00
164,6400,128,1.00
165,6400,128,1.00
166,6400,128,1.00
167,6400,128,1.00
168,6400,128,1.00
169,6400,128,1.00
170,6400,128,1.00
171,6400,128,1.00
172,6400,128,1.00
173,6400,128,1.00
174,6400,128,1.00
175,6400,128,1.00
176,6400,128,1.00
177,6400,128,1.00
178,6400,128,1.00
179,6400,128,1.00
180,6400,128,1.00
181,6400,128,1.00
182,6400,128,1.00
183,6400,128,1.00
184,6400,128,1.00
185,6400,128,1.00
186,6400,128,1.00
187,6400,128,1.00
188,6400,128,1.00
189,6400,128,1.00
190,6400,128,1.00
191,6400,128,1.00
192,6400,128,1.00
193,6400,128,1.00
194,6400,128,1.00
195,6400,128,1.00
196,6400,128,1.00
197,6400,128,1.00
198,6400,128,1.00
199,6400,128,1.00
200,6400,128,1.00
201,6400,128,1.00
202,6400,128,1.00
203,6400,128,1.00
204,6400,128,1.00
205,6400,128,1.00
206,6400,128,1.00
207,6400,128,1.00
208,6400,128,1.00
209,6400,128,1.00
210,6400,128,1.00
211,6400,128,1.00
212,6400,128,1.00
213,6400,128,1.00
214,6400,128,1.00
215,6400,128,1.00
216,6400,128,1.00
217,6400,128,1.00
218,6400,128,1.00
219,6400,128,1.00
220,6400,128,1.00
221,6400,128,1.00
222,6400,128,1.00
223,6400,128,1.00
224,6400,128,1.00
225,6400,128,1.00
226,6400,128,1.00
227,6400,128,1.00
228,6400,128,1.00
229,6400,128,1.00
230,6400,128,1.00
231,6400,128,1.00
232,6400,128,1.00
233,6400,128,1.00
234,6400,128,1.00
235,6400,128,1.00
236,6400,128,1.00
237,6400,128,1.00
238,6400,128,1.00
239,6400,128,1.00
240,6400,128,1.00
241,6400,128,1.00
242,6400,128,1.00
243,6400,128,1.00
244,6400,128,1.00
245,6400,128,1.00
246,6400,128,1.00
247,6400,128,1.00
248,6400,128,1.00
249,6400,128,1.00
250,6400,128,1.00
251,6400,128,1.00
252,6400,128,1.00
253,6400,128,1.00
254,6400,128,1.00
255,6400,128,1.00
256,6400,128,1.00
257,6400,128,1.00
258,6400,128,1.00
259,6400,128,1.00
260,6400,128,1.00
261,6400,128,1.00
262,6400,128,1.00
263,6400,128,1.00
264,6400,128,1.00
265,6400,128,1.00
266,6400,128,1.00
267,6400,128,1.00
268,6400,128,1.00
269,6400,128,1.00
270,6400,128,1.00
271,6400,128,1.00
272,6400,128,1.00
273,6400,128,1.00
274,6400,128,1.00
275,6400,128,1.00
276,6400,128,1.00
277,6400,128,1.00
278,6400,128,1.00
279,6400,128,1.00
280,6400,128,1.00
281,6400,128,1.00
282,6400,128,1.00
283,6400,128,1.00
284,6400,128,1.00
285,6400,128,1.00
286,6400,128,1.00
287,6400,128,1.00
288,6400,128,1.00
289,6400,128,1.00
290,6400,128,1.00
291,6400,128,1.00
292,6400,128,1.00
293,6400,128,1.00
294,6400,128,1.00
295,6400,128,1.00
296,6400,128,1.00
297,6400,128,1.00
298,6400,128,1.00
299,6400,128,1.00
300,6400,128,1.00
301,6400,128,1.00
302,6400,128,1.00
303,6400,128,1.00
304,6400,128,1.00
305,6400,128,1.00
306,6400,128,1.00
307,6400,128,1.00
308,6400,128,1.00
309,6400,128,1.00
310,6400,128,1.00
311,6400,128,1.00
312,6400,128,1.00
313,6400,128,1.00
314,6400,128,1.00
315,6400,128,1.00
316,6400,128,1.00
317,6400,128,1.00
318,6400,128,1.00
319,6400,128,1.00
320,6400,128,1.00
321,6400,128,1.00
322,6400,128,1.00
323,6400,128,1.00
324,6400,128,1.00
325,6400,128,1.00
326,6400,128,1.00
327,6400,128,1.00
328,6400,128,1.00
329,6400,128,1.00
330,6400,128,1.00
331,6400,128,1.00
332,6400,128,1.00
333,6400,128,1.00
334,6400,128,1.00
335,6400,128,1.00
336,6400,128,1.00
337,6400,128,1.00
338,6400,128,1.00
339,6400,128,1.00
340,6400,128,1.00
341,6400,128,1.00
342,6400,128,1.00
343,6400,128,1.00
344,6400,128,1.00
345,6400,128,1.00
346,6400,128,1.00
347,6400,128,1.00
348,6400,128,1.00
349,6400,128,1.00
350,6400,128,1.00
351,6400,128,1.00
352,6400,128,1.00
353,6400,128,1.00
354,6400,128,1.00
355,6400,128,1.00
356,6400,128,1.00
357,6400,128,1.00
358,6400,128,1.00
359,6400,128,1.00
360,6400,128,1.00
361,6400,128,1.00
362,6400,128,1.00
363,6400,128,1.00
364,6400,128,1.00
365,6400,128,1.00
366,6400,128,1.00
367,6400,128,1.00
368,6400,128,1.00
369,6400,128,1.00
370,6400,128,1.00
371,6400,128,1.00
372,6400,128,1.00
373,6400,128,1.00
374,6400,128,1.00
375,6400,128,1.00
376,6400,128,1.00
377,6400,128,1.00
378,6400,128,1.00
379,6400,128,1.00
380,6400,128,1.00
381,6400,128,1.00
382,6400,128,1.00
383,6400,128,1.00
384,6400,128,1.00
385,6400,128,1.00
386,6400,128,1.00
387,6400,128,1.00
388,6400,128,1.00
389,6400,128,1.00
390,6400,128,1.00
391,6400,128,1.00
392,6400,128,1.00
393,6400,128,1.00
394,6400,128,1.00
395,6400,128,1.00
396,6400,128,1.00
397,6400,128,1.00
398,6400,128,1.00
399,6400,128,1.00
400,6400,128,1.00
401,6400,128,1.00
402,6400,128,1.00
403,6400,128,1.00
404,6400,128,1.00
405,6400,128,1.00
406,6400,128,1.00
407,6400,128,1.00
408,6400,128,1.00
409,6400,128,1.00
410,6400,128,1.00
411,6400,128,1.00
412,6400,128,1.00
413,6400,128,1.00
414,6400,128,1.00
415,6400,128,1.00
416,6400,128,1.00
417,6400,128,1.00
418,6400,128,1.00
419,6400,128,1.00
420,6400,128,1.00
421,6400,128,1.00
422,6400,128,1.00
423,6400,128,1.00
424,6400,128,1.00
425,6400,128,1.00
426,6400,128,1.00
427,6400,128,1.00
428,6400,128,1.00
429,6400,128,1.00
430,6400,128,1.00
431,6400,128,1.00
432,6400,128,1.00
433,6400,128,1.00
434,6400,128,1.00
435,6400,128,1.00
436,6400,128,1.00
437,6400,128,1.00
438,6400,128,1.00
439,6400,128,1.00
440,6400,128,1.00
441,6400,128,1.00
442,6400,128,1.00
443,6400,128,1.00
444,6400,128,1.00
445,6400,128,1.00
446,6400,128,1.00
447,6400,128,1.00
448,6400,128,1.00
449,6400,128,1.00
450,6400,128,1.00
451,6400,128,1.00
452,6400,128,1.00
453,6400,128,1.00
454,6400,128,1.00
455,6400,128,1.00
456,6400,128,1.00
457,6400,128,1.00
458,6400,128,1.00
459,6400,128,1.00
460,6400,128,1.00
461,6400,128,1.00
462,6400,128,1.00
463,6400,128,1.00
464,6400,128,1.00
465,6400,128,1.00
466,6400,128,1.00
467,6400,128,1.00
468,6400,128,1.00
469,6400,128,1.00
470,6400,128,1.00
471,6400,128,1.00
472,6400,128,1.00
473,6400,128,1.00
474,6400,128,1.00
475,6400,128,1.00
476,6400,128,1.00
477,6400,128,1.00
478,6400,128,1.00
479,6400,128,1.00
480,6400,128,1.00
481,6400,128,1.00
482,6400,128,1.00
483,6400,128,1.00
484,6400,128,1.00
485,6400,128,1.00
486,6400,128,1.00
487,6400,128,1.00
488,6400,128,1.00
489,6400,128,1.00
490,6400,128,1.00
491,6400,128,1.00
492,6400,128,1.00
493,6400,128,1.00
494,6400,128,1.00
495,6400,128,1.00
496,6400,128,1.00
497,6400,128,1.00
498,6400,128,1.00
499,6400,128,1.00
500,6400,128,1.00
501,6400,128,1.00
502,6400,128,1.00
503,6400,128,1.00
504,6400,128,1.00
505,6400,128,1.00
506,6400,128,1.00
507,6400,128,1.00
508,6400,128,1.00
509,6400,128,1.00
510,6400,128,1.00
511,6400,128,1.00
512,6400,128,1.00
513,6400,128,1.00
514,6400,128,1.00
515,6400,128,1.00
516,6400,128,1.00
517,6400,128,1.00
518,6400,128,1.00
519,6400,128,1.00
520,6400,128,1.00
521,6400,128,1.00
522,6400,128,1.00
523,6400,128,1.00
524,6400,128,1.00
525,6400,128,1.00
526,6400,128,1.00
527,6400,128,1.00
528,6400,128,1.00
529,6400,128,1.00
530,6400,128,1.00
531,6400,128,1.00
532,6400,128,1.00
533,6400,128,1.00
534,6400,128,1.00
535,6400,128,1.00
536,6400,128,1.00
537,6400,128,1.00
538,6400,128,1.00
539,6400,128,1.00
540,6400,128,1.00
541,6400,128,1.00
542,6400,128,1.00
543,6400,128,1.00
544,6400,128,1.00
545,6400,128,1.00
546,6400,128,1.00
547,6400,128,1.00
548,6400,128,1.00
549,6400,128,1.00
550,6400,128,1.00
551,6400,128,1.00
552,6400,128,1.00
553,6400,128,1.00
554,6400,128,1.00
555,6400,128,1.00
556,6400,128,1.00
557,6400,128,1.00
558,6400,128,1.00
559,6400,128,1.00
560,6400,128,1.00
561,6400,128,1.00
562,6400,128,1.00
563,6400,128,1.00
564,6400,128,1.00
565,6400,128,1.00
566,6400,128,1.00
567,6400,128,1.00
568,6400,128,1.00
569,6400,128,1.00
570,6400,128,1.00
571,6400,128,1.00
572,6400,128,1.00
573,6400,128,1.00
574,6400,128,1.00
575,6400,128,1.00
576,6400,128,1.00
577,6400,128,1.00
578,6400,128,1.00
579,6400,128,1.00
580,6400,128,1.00
581,6400,128,1.00
582,6400,128,1.00
583,6400,128,1.00
584,6400,128,1.00
585,6400,128,1.00
586,6400,128,1.00
587,6400,128,1.00
588,6400,128,1.00
589,6400,128,1.00
590,6400,128,1.00
591,6400,128,1.00
592,6400,128,1.00
593,6400,128,1.00
594,6400,128,1.00
595,6400,128,1.00
596,6400,128,1.00
597,6400,128,1.00
598,6400,128,1.00
599,6400,128,1.00
600,6400,128,1.00
601,6400,128,1.00
602,6400,128,1.00
603,6400,128,1.00
604,6400,128,1.00
605,6400,128,1.00
606,6400,128,1.00
607,6400,128,1.00
608,6400,128,1.00
609,6400,128,1.00
610,6400,128,1.00
611,6400,128,1.00
612,6400,128,1.00
613,6400,128,1.00
614,6400,128,1.00
615,6400,128,1.00
616,6400,128,1.00
617,6400,128,1.00
618,6400,128,1.00
619,6400,128,1.00
620,6400,128,1.00
621,6400,128,1.00
622,6400,128,1.00
623,6400,128,1.00
624,6400,128,1.00
625,6400,128,1.00
626,6400,128,1.00
627,6400,128,1.00
628,6400,128,1.00
629,6400,128,1.00
630,6400,128,1.00
631,6400,128,1.00
632,6400,128,1.00
633,6400,128,1.00
634,6400,128,1.00
635,6400,128,1.00
636,6400,128,1.00
637,6400,128,1.00
638,6400,128,1.00
639,6400,128,1.00
640,6400,128,1.00
641,6400,128,1.00
642,6400,128,1.00
643,6400,128,1.00
644,6400,128,1.00
645,6400,128,1.00
646,6400,128,1.00
647,6400,128,1.00
648,6400,128,1.00
649,6400,128,1.00
650,6400,128,1.00
651,6400,128,1.00
652,6400,128,1.00
653,6400,128,1.00
654,6400,128,1.00
655,6400,128,1.00
656,6400,128,1.00
657,6400,128,1.00
658,6400,128,1.00
659,6400,128,1.00
660,6400,128,1.00
661,6400,128,1.00
662,6400,128,1.00
663,6400,128,1.00
664,6400,128,1.00
665,6400,128,1.00
666,6400,128,1.00
667,6400,128,1.00
668,6400,128,1.00
669,6400,128,1.00
670,6400,128,1.00
671,6400,128,1.00
672,6400,128,1.00
673,6400,128,1.00
674,6400,128,1.00
675,6400,128,1.00
676,6400,128,1.00
677,6400,128,1.00
678,6400,128,1.00
679,6400,128,1.00
680,6400,128,1.00
681,6400,128,1.00
682,6400,128,1.00
683,6400,128,1.00
684,6400,128,1.00
685,6400,128,1.00
686,6400,128,1.00
687,6400,128,1.00
688,6400,128,1.00
689,6400,128,1.00
690,6400,128,1.00
691,6400,128,1.00
692,6400,128,1.00
693,6400,128,1.00
694,6400,128,1.00
695,6400,128,1.00
696,6400,128,1.00
697,6400,128,1.00
698,6400,128,1.00
699,6400,128,1.00
700,6400,128,1.00
701,6400,128,1.00
702,6400,128,1.00
703,6400,128,1.00
704,6400,128,1.00
705,6400,128,1.00
706,6400,128,1.00
707,6400,128,1.00
708,6400,128,1.00
709,6400,128,1.00
710,6400,128,1.00
711,6400,128,1.00
712,6400,128,1.00
713,6400,128,1.00
714,6400,128,1.00
715,6400,128,1.00
716,6400,128,1.00
717,6400,128,1.00
718,6400,128,1.00
719,6400,128,1.00
720,6400,128,1.00
721,6400,128,1.00
722,6400,128,1.00
723,6400,128,1.00
724,6400,128,1.00
725,6400,128,1.00
726,6400,128,1.00
727,6400,128,1.00
728,6400,128,1.00
729,6400,128,1.00
730,6400,128,1.00
731,6400,128,1.00
732,6400,128,1.00
733,6400,128,1.00
734,6400,128,1.00
735,6400,128,1.00
736,6400,128,1.00
737,6400,128,1.00
738,6400,128,1.00
739,6400,128,1.00
740,6400,128,1.00
741,6400,128,1.00
742,6400,128,1.00
743,6400,128,1.00
744,6400,128,1.00
745,6400,128,1.00
746,6400,128,1.00
747,6400,128,1.00
748,6400,128,1.00
749,6400,128,1.00
750,6400,128,1.00
751,6400,128,1.00
752,6400,128,1.00
753,6400,128,1.00
754,6400,128,1.00
755,6400,128,1.00
756,6400,128,1.00
757,6400,128,1.00
758,6400,128,1.00
759,6400,128,1.00
760,6400,128,1.00
761,6400,128,1.00
762,6400,128,1.00
763,6400,128,1.00
764,6400,128,1.00
765,6400,128,1.00
766,6400,128,1.00
767,6400,128,1.00
768,6400,128,1.00
769,6400,128,1.00
770,6400,128,1.00
771,6400,128,1.00
772,6400,128,1.00
773,6400,128,1.00
774,6400,128,1.00
775,6400,128,1.00
776,6400,128,1.00
777,6400,128,1.00
778,6400,128,1.00
779,6400,128,1.00
780,6400,128,1.00
781,6400,128,1.00
782,6400,128,1.00
783,6400,128,1.00
784,6400,128,1.00
785,6400,128,1.00
786,6400,128,1.00
787,6400,128,1.00
788,6400,128,1.00
789,6400,128,1.00
790,6400,128,1.00
791,6400,128,1.00
792,6400,128,1.00
793,6400,128,1.00
794,6400,128,1.00
795,6400,128,1.00
796,6400,128,1.00
797,6400,128,1.00
798,6400,128,1.00
799,6400,128,1.00
800,6400,128,1.00
801,6400,128,1.00
802,6400,128,1.00
803,6400,128,1.00
804,6400,128,1.00
805,6400,128,1.00
806,6400,128,1.00
807,6400,128,1.00
808,6400,128,1.00
809,6400,128,1.00
810,6400,128,1.00
811,6400,128,1.00
812,6400,128,1.00
813,6400,128,1.00
814,6400,128,1.00
815,6400,128,1.00
816,6400,128,1.00
817,6400,128,1.00
818,6400,128,1.00
819,6400,128,1.00
820,6400,128,1.00
821,6400,128,1.00
822,6400,128,1.00
823,6400,128,1.00
824,6400,128,1.00
825,6400,128,1.00
826,6400,128,1.00
827,6400,128,1.00
828,6400,128,1.00
829,6400,128,1.00
830,6400,128,1.00
831,6400,128,1.00
832,6400,128,1.00
833,6400,128,1.00
834,6400,128,1.00
835,6400,128,1.00
836,6400,128,1.00
837,6400,128,1.00
838,6400,128,1.00
839,6400,128,1.00
840,6400,128,1.00
841,6400,128,1.00
842,6400,128,1.00
843,6400,128,1.00
844,6400,128,1.00
845,6400,128,1.00
846,6400,128,1.00
847,6400,128,1.00
848,6400,128,1.00
849,6400,128,1.00
850,6400,128,1.00
851,6400,128,1.00
852,6400,128,1.00
853,6400,128,1.00
854,6400,128,1.00
855,6400,128,1.00
856,6400,128,1.00
857,6400,128,1.00
858,6400,128,1.00
859,6400,128,1.00
860,6400,128,1.00
861,6400,128,1.00
862,6400,128,1.00
863,6400,128,1.00
864,6400,128,1.00
865,6400,128,1.00
866,6400,128,1.00
867,6400,128,1.00
868,6400,128,1.00
869,6400,128,1.00
870,6400,128,1.00
871,6400,128,1.00
872,6400,128,1.00
873,6400,128,1.00
874,6400,128,1.00
875,6400,128,1.00
876,6400,128,1.00
877,6400,128,1.00
878,6400,128,1.00
879,6400,128,1.00
880,6400,128,1.00
881,6400,128,1.00
882,6400,128,1.00
883,6400,128,1.00
884,6400,128,1.00
885,6400,128,1.00
886,6400,128,1.00
887,6400,128,1.00
888,6400,128,1.00
889,6400,128,1.00
890,6400,128,1.00
891,6400,128,1.00
892,6400,128,1.00
893,6400,128,1.00
894,6400,128,1.00
895,6400,128,1.00
896,6400,128,1.00
897,6400,128,1.00
898,6400,128,1.00
899,6400,128,1.00
900,6400,128,1.00
901,6400,128,1.00
902,6400,128,1.00
903,6400,128,1.00
904,6400,128,1.00
905,6400,128,1.00
906,6400,128,1.00
907,6400,128,1.00
908,6400,128,1.00
909,6400,128,1.00
910,6400,128,1.00
911,6400,128,1.00
912,6400,128,1.00
913,6400,128,1.00
914,6400,128,1.00
915,6400,128,1.00
916,6400,128,1.00
917,6400,128,1.00
918,6400,128,1.00
919,6400,128,1.00
920,6400,128,1.00
921,6400,128,1.00
922,6400,128,1.00
923,6400,128,1.00
924,6400,128,1.00
925,6400,128,1.00
926,6400,128,1.00
927,6400,128,1.00
928,6400,128,1.00
929,6400,128,1.00
930,6400,128,1.00
931,6400,128,1.00
932,6400,128,1.00
933,6400,128,1.00
934,6400,128,1.00
935,6400,128,1.00
936,6400,128,1.00
937,6400,128,1.00
938,6400,128,1.00
939,6400,128,1.00
940,6400,128,1.00
941,6400,128,1.00
942,6400,128,1.00
943,6400,128,1.00
944,6400,128,1.00
945,6400,128,1.00
946,6400,128,1.00
947,6400,128,1.00
948,6400,128,1.00
949,6400,128,1.00
950,6400,128,1.00
951,6400,128,1.00
952,6400,128,1.00
953,6400,128,1.00
954,6400,128,1.00
955,6400,128,1.00
956,6400,128,1.00
957,6400,128,1.00
958,6400,128,1.00
959,6400,128,1.00
960,6400,128,1.00
961,6400,128,1.00
962,6400,128,1.00
963,6400,128,1.00
964,6400,128,1.00
965,6400,128,1.00
966,6400,128,1.00
967,6400,128,1.00
968,6400,128,1.00
969,6400,128,1.00
970,6400,128,1.00
971,6400,128,1.00
972,6400,128,1.00
973,6400,128,1.00
974,6400,128,1.00
975,6400,128,1.00
976,6400,128,1.00
977,6400,128,1.00
978,6400,128,1.00
979,6400,128,1.00
980,6400,128,1.00
981,6400,128,1.00
982,6400,128,1.00
983,6400,128,1.00
984,6400,128,1.00
985,6400,128,1.00
986,6400,128,1.00
987,6400,128,1.00
988,6400,128,1.00
989,6400,128,1.00
990,6400,128,1.00
991,6400,128,1.00
992,6400,128,1.00
993,6400,128,1.00
994,6400,128,1.00
995,6400,128,1.00
996,6400,128,1.00
997,6400,128,1.00
998,6400,128,1.00
999,6400,128,1.00
1000,6400,128,1.00
1001,6400,128,1.00
1002,6400,128,1.00
1003,6400,128,1.00
1004,6400,128,1.00
1005,6400,128,1.00
1006,6400,128,1.00
1007,6400,128,1.00
1008,6400,128,1.00
1009,6400,128,1.00
1010,6400,128,1.00
1011,6400,128,1.00
1012,6400,128,1.00
1013,6400,128,1.00
1014,6400,128,1.00
1015,6400,128,1.00
1016,6400,128,1.00
1017,6400,128,1.00
1018,6400,128,1.00
1019,6400,128,1.00
1020,6400,128,1.00
1021,6400,128,1.00
1022,6400,128,1.00
1023,6400,128,1.00
1024,6400,128,1.00
1025,6400,128,1.00
1026,6400,128,1.00
1027,6400,128,1.00
1028,6400,128,1.00
1029,6400,128,1.00
1030,6400,128,1.00
1031,6400,128,1.00
1032,6400,128,1.00
1033,6400,128,1.00
1034,6400,128,1.00
1035,6400,128,1.00
1036,6400,128,1.00
1037,6400,128,1.00
1038,6400,128,1.00
1039,6400,128,1.00
1040,6400,128,1.00
1041,6400,128,1.00
1042,6400,128,1.00
1043,6400,128,1.00
1044,6400,128,1.00
1045,6400,128,1.00
1046,6400,128,1.00
1047,6400,128,1.00
1048,6400,128,1.00
1049,6400,128,1.00
1050,6400,128,1.00
1051,6400,128,1.00
1052,6400,128,1.00
1053,6400,128,1.00
1054,6400,128,1.00
1055,6400,128,1.00
1056,6400,128,1.00
1057,6400,128,1.00
1058,6400,128,1.00
1059,6400,128,1.00
1060,6400,128,1.00
1061,6400,128,1.00
1062,6400,128,1.00
1063,6400,128,1.00
1064,6400,128,1.00
1065,6400,128,1.00
1066,6400,128,1.00
1067,6400,128,1.00
1068,6400,128,1.00
1069,6400,128,1.00
1070,6400,128,1.00
1071,6400,128,1.00
1072,6400,128,1.00
1073,6400,128,1.00
1074,6400,128,1.00
1075,6400,128,1.00
1076,6400,128,1.00
1077,6400,128,1.00
1078,6400,128,1.00
1079,6400,128,1.00
1080,6400,128,1.00
1081,6400,128,1.00
1082,6400,128,1.00
1083,6400,128,1.00
1084,6400,128,1.00
1085,6400,128,1.00
1086,6400,128,1.00
1087,6400,128,1.00
1088,6400,128,1.00
1089,6400,128,1.00
1090,6400,128,1.00
1091,6400,128,1.00
1092,6400,128,1.00
1093,6400,128,1.00
1094,6400,128,1.00
1095,6400,128,1.00
1096,6400,128,1.00
1097,6400,128,1.00
1098,6400,128,1.00
1099,6400,128,1.00
1100,6400,128,1.00
1101,6400,128,1.00
1102,6400,128,1.00
1103,6400,128,1.00
1104,6400,128,1.00
1105,6400,128,1.00
1106,6400,128,1.00
1107,6400,128,1.00
1108,6400,128,1.00
1109,6400,128,1.00
1110,6400,128,1.00
1111,6400,128,1.00
1112,6400,128,1.00
1113,6400,128,1.00
1114,6400,128,1.00
1115,6400,128,1.00
1116,6400,128,1.00
1117,6400,128,1.00
1118,6400,128,1.00
1119,6400,128,1.00
1120,6400,128,1.00
1121,6400,128,1.00
1122,6400,128,1.00
1123,6400,128,1.00
1124,6400,128,1.00
1125,6400,128,1.00
1126,6400,128,1.00
1127,6400,128,1.00
1128,6400,128,1.00
1129,6400,128,1.00
1130,6400,128,1.00
1131,6400,128,1.00
1132,6400,128,1.00
1133,6400,128,1.00
1134,6400,128,1.00
1135,6400,128,1.00
1136,6400,128,1.00
1137,6400,128,1.00
1138,6400,128,1.00
1139,6400,128,1.00
1140,6400,128,1.00
1141,6400,128,1.00
1142,6400,128,1.00
1143,6400,128,1.00
1144,6400,128,1.00
1145,6400,128,1.00
1146,6400,128,1.00
1147,6400,128,1.00
1148,6400,128,1.00
1149,6400,128,1.00
1150,6400,128,1.00
1151,6400,128,1.00
1152,6400,128,1.00
1153,6400,128,1.00
1154,6400,128,1.00
1155,6400,128,1.00
1156,6400,128,1.00
1157,6400,128,1.00
1158,6400,128,1.00
1159,6400,128,1.00
1160,6400,128,1.00
1161,6400,128,1.00
1162,6400,128,1.00
1163,6400,128,1.00
1164,6400,128,1.00
1165,6400,128,1.00
1166,6400,128,1.00
1167,6400,128,1.00
1168,6400,128,1.00
1169,6400,128,1.00
1170,6400,128,1.00
1171,6400,128,1.00
1172,6400,128,1.00
1173,6400,128,1.00
1174,6400,128,1.00
1175,6400,128,1.00
1176,6400,128,1.00
1177,6400,128,1.00
1178,6400,128,1.00
1179,6400,128,1.00
1180,6400,128,1.00
1181,6400,128,1.00
1182,6400,128,1.00
1183,6400,128,1.00
1184,6400,128,1.00
1185,6400,128,1.00
1186,6400,128,1.00
1187,6400,128,1.00
1188,6400,128,1.00
1189,6400,128,1.00
1190,6400,128,1.00
1191,6400,128,1.00
1192,6400,128,1.00
1193,6400,128,1.00
1194,6400,128,1.00
1195,6400,128,1.00
1196,6400,128,1.00
1197,6400,128,1.00
1198,6400,128,1.00
1199,6400,128,1.00
1200,6400,128,1.00
1201,6400,128,1.00
1202,6400,128,1.00
1203,6400,128,1.00
1204,6400,128,1.00
1205,6400,128,1.00
1206,6400,128,1.00
1207,6400,128,1.00
1208,6400,128,1.00
1209,6400,128,1.00
1210,6400,128,1.00
1211,6400,128,1.00
1212,6400,128,1.00
1213,6400,128,1.00
1214,6400,128,1.00
1215,6400,128,1.00
1216,6400,128,1.00
1217,6400,128,1.00
1218,6400,128,1.00
1219,6400,128,1.00
1220,6400,128,1.00
1221,6400,128,1.00
1222,6400,128,1.00
1223,6400,128,1.00
1224,6400,128,1.00
1225,6400,128,1.00
1226,6400,128,1.00
1227,6400,128,1.00
1228,6400,128,1.00
1229,6400,128,1.00
1230,6400,128,1.00
1231,6400,128,1.00
1232,6400,128,1.00
1233,6400,128,1.00
1234,6400,128,1.00
1235,6400,128,1.00
1236,6400,128,1.00
1237,6400,128,1.00
1238,6400,128,1.00
1239,6400,128,1.00
1240,6400,128,1.00
1241,6400,128,1.00
1242,6400,128,1.00
1243,6400,128,1.00
1244,6400,128,1.00
1245,6400,128,1.00
1246,6400,128,1.00
1247,6400,128,1.00
1248,6400,128,1.00
1249,6400,128,1.00
1250,6400,128,1.00
1251,6400,128,1.00
1252,6400,128,1.00
1253,6400,128,1.00
1254,6400,128,1.00
1255,6400,128,1.00
1256,6400,128,1.00
1257,6400,128,1.00
1258,6400,128,1.00
1259,6400,128,1.00
1260,6400,128,1.00
1261,6400,128,1.00
1262,6400,128,1.00
1263,6400,128,1.00
1264,6400,128,1.00
1265,6400,128,1.00
1266,6400,128,1.00
1267,6400,128,1.00
1268,6400,128,1.00
1269,6400,128,1.00
1270,6400,128,1.00
1271,6400,128,1.00
1272,6400,128,1.00
1273,6400,128,1.00
1274,6400,128,1.00
1275,6400,128,1.00
1276,6400,128,1.00
1277,6400,128,1.00
1278,6400,128,1.00
1279,6400,128,1.00
1280,6400,128,1.00
1281,6400,128,1.00
1282,6400,128,1.00
1283,6400,128,1.00
1284,6400,128,1.00
1285,6400,128,1.00
1286,6400,128,1.00
1287,6400,128,1.00
1288,6400,128,1.00
1289,6400,128,1.00
1290,6400,128,1.00
1291,6400,128,1.00
1292,6400,128,1.00
1293,6400,128,1.00
1294,6400,128,1.00
1295,6400,128,1.00
1296,6400,128,1.00
1297,6400,128,1.00
1298,6400,128,1.00
1299,6400,128,1.00
1300,6400,128,1.00
1301,6400,128,1.00
1302,6400,128,1.00
1303,6400,128,1.00
1304,6400,128,1.00
1305,6400,128,1.00
1306,6400,128,1.00
1307,6400,128,1.00
1308,6400,128,1.00
1309,6400,128,1.00
1310,6400,128,1.00
1311,6400,128,1.00
1312,6400,128,1.00
1313,6400,128,1.00
1314,6400,128,1.00
1315,6400,128,1.00
1316,6400,128,1.00
1317,6400,128,1.00
1318,6400,128,1.00
1319,6400,128,1.00
1320,6400,128,1.00
1321,6400,128,1.00
1322,6400,128,1.00
1323,6400,128,1.00
1324,6400,128,1.00
1325,6400,128,1.00
1326,6400,128,1.00
1327,6400,128,1.00
1328,6400,128,1.00
1329,6400,128,1.00
1330,6400,128,1.00
1331,6400,128,1.00
1332,6400,128,1.00
1333,6400,128,1.00
1334,6400,128,1.00
1335,6400,128,1.00
1336,6400,128,1.00
1337,6400,128,1.00
1338,6400,128,1.00
1339,6400,128,1.00
1340,6400,128,1.00
1341,6400,128,1.00
1342,6400,128,1.00
1343,6400,128,1.00
1344,6400,128,1.00
1345,6400,128,1.00
1346,6400,128,1.00
1347,6400,128,1.00
1348,6400,128,1.00
1349,6400,128,1.00
1350,6400,128,1.00
1351,6400,128,1.00
1352,6400,128,1.00
1353,6400,128,1.00
1354,6400,128,1.00
1355,6400,128,1.00
1356,6400,128,1.00
1357,6400,128,1.00
1358,6400,128,1.00
1359,6400,128,1.00
1360,6400,128,1.00
1361,6400,128,1.00
1362,6400,128,1.00
1363,6400,128,1.00
1364,6400,128,1.00
1365,6400,128,1.00
1366,6400,128,1.00
1367,6400,128,1.00
1368,6400,128,1.00
1369,6400,128,1.00
1370,6400,128,1.00
1371,6400,128,1.00
1372,6400,128,1.00
1373,6400,128,1.00
1374,6400,128,1.00
1375,6400,128,1.00
1376,6400,128,1.00
1377,6400,128,1.00
1378,6400,128,1.00
1379,6400,128,1.00
1380,6400,128,1.00
1381,6400,128,1.00
1382,6400,128,1.00
1383,6400,128,1.00
1384,6400,128,1.00
1385,6400,128,1.00
1386,6400,128,1.00
1387,6400,128,1.00
1388,6400,128,1.00
1389,6400,128,1.00
1390,6400,128,1.00
1391,6400,128,1.00
1392,6400,128,1.00
1393,6400,128,1.00
1394,6400,128,1.00
1395,6400,128,1.00
1396,6400,128,1.00
1397,6400,128,1.00
1398,6400,128,1.00
1399,6400,128,1.00
1400,6400,128,1.00
1401,6400,128,1.00
1402,6400,128,1.00
1403,6400,128,1.00
1404,6400,128,1.00
1405,6400,128,1.00
1406,6400,128,1.00
1407,6400,128,1.00
1408,6400,128,1.00
1409,6400,128,1.00
1410,6400,128,1.00
1411,6400,128,1.00
1412,6400,128,1.00
1413,6400,128,1.00
1414,6400,128,1.00
1415,6400,128,1.00
1416,6400,128,1.00
1417,6400,128,1.00
1418,6400,128,1.00
1419,6400,128,1.00
1420,6400,128,1.00
1421,6400,128,1.00
1422,6400,128,1.00
1423,6400,128,1.00
1424,6400,128,1.00
1425,6400,128,1.00
1426,6400,128,1.00
1427,6400,128,1.00
1428,6400,128,1.00
1429,6400,128,1.00
1430,6400,128,1.00
1431,6400,128,1.00
1432,6400,128,1.00
1433,6400,128,1.00
1434,6400,128,1.00
1435,6400,128,1.00
1436,6400,128,1.00
1437,6400,128,1.00
1438,6400,128,1.00
1439,6400,128,1.00
1440,6400,128,1.00
1441,6400,128,1.00
1442,6400,128,1.00
1443,6400,128,1.00
1444,6400,128,1.00
1445,6400,128,1.00
1446,6400,128,1.00
1447,6400,128,1.00
1448,6400,128,1.00
1449,6400,128,1.00
1450,6400,128,1.00
1451,6400,128,1.00
1452,6400,128,1.00
1453,6400,128,1.00
1454,6400,128,1.00
1455,6400,128,1.00
1456,6400,128,1.00
1457,6400,128,1.00
1458,6400,128,1.00
1459,6400,128,1.00
1460,6400,128,1.00
1461,6400,128,1.00
1462,6400,128,1.00
1463,6400,128,1.00
1464,6400,128,1.00
1465,6400,128,1.00
1466,6400,128,1.00
1467,6400,128,1.00
1468,6400,128,1.00
1469,6400,128,1.00
1470,6400,128,1.00
1471,6400,128,1.00
1472,6400,128,1.00
1473,6400,128,1.00
1474,6400,128,1.00
1475,6400,128,1.00
1476,6400,128,1.00
1477,6400,128,1.00
1478,6400,128,1.00
1479,6400,128,1.00
1480,6400,128,1.00
1481,6400,128,1.00
1482,6400,128,1.00
1483,6400,128,1.00
1484,6400,128,1.00
1485,6400,128,1.00
1486,6400,128,1.00
1487,6400,128,1.00
1488,6400,128,1.00
1489,6400,128,1.00
1490,6400,128,1.00
1491,6400,128,1.00
1492,6400,128,1.00
1493,6400,128,1.00
1494,6400,128,1.00
1495,6400,128,1.00
1496,6400,128,1.00
1497,6400,128,1.00
1498,6400,128,1.00
1499,6400,128,1.00
1500,6400,128,1.00
1501,6400,128,1.00
1502,6400,128,1.00
1503,6400,128,1.00
1504,6400,128,1.00
1505,6400,128,1.00
1506,6400,128,1.00
1507,6400,128,1.00
1508,6400,128,1.00
1509,6400,128,1.00
1510,6400,128,1.00
1511,6400,128,1.00
1512,6400,128,1.00
1513,6400,128,1.00
1514,6400,128,1.00
1515,6400,128,1.00
1516,6400,128,1.00
1517,6400,128,1.00
1518,6400,128,1.00
1519,6400,128,1.00
1520,6400,128,1.00
1521,6400,128,1.00
1522,6400,128,1.00
1523,6400,128,1.00
1524,6400,128,1.00
1525,6400,128,1.00
1526,6400,128,1.00
1527,6400,128,1.00
1528,6400,128,1.00
1529,6400,128,1.00
1530,6400,128,1.00
1531,6400,128,1.00
1532,6400,128,1.00
1533,6400,128,1.00
1534,6400,128,1.00
1535,6400,128,1.00
1536,6400,128,1.00
1537,6400,128,1.00
1538,6400,128,1.00
1539,6400,128,1.00
1540,6400,128,1.00
1541,6400,128,1.00
1542,6400,128,1.00
1543,6400,128,1.00
1544,6400,128,1.00
1545,6400,128,1.00
1546,6400,128,1.00
1547,6400,128,1.00
1548,6400,128,1.00
1549,6400,128,1.00
1550,6400,128,1.00
1551,6400,128,1.00
1552,6400,128,1.00
1553,6400,128,1.00
1554,6400,128,1.00
1555,6400,128,1.00
1556,6400,128,1.00
1557,6400,128,1.00
1558,6400,128,1.00
1559,6400,128,1.00
1560,6400,128,1.00
1561,6400,128,1.00
1562,6400,128,1.00
1563,6400,128,1.00
1564,6400,128,1.00
1565,6400,128,1.00
1566,6400,128,1.00
1567,6400,128,1.00
1568,6400,128,1.00
1569,6400,128,1.00
1570,6400,128,1.00
1571,6400,128,1.00
1572,6400,128,1.00
1573,6400,128,1.00
1574,6400,128,1.00
1575,6400,128,1.00
1576,6400,128,1.00
1577,6400,128,1.00
1578,6400,128,1.00
1579,6400,128,1.00
1580,6400,128,1.00
1581,6400,128,1.00
1582,6400,128,1.00
1583,6400,128,1.00
1584,6400,128,1.00
1585,6400,128,1.00
1586,6400,128,1.00
1587,6400,128,1.00
1588,6400,128,1.00
1589,6400,128,1.00
1590,6400,128,1.00
1591,6400,128,1.00
1592,6400,128,1.00
1593,6400,128,1.00
1594,6400,128,1.00
1595,6400,128,1.00
1596,6400,128,1.00
1597,6400,128,1.00
1598,6400,128,1.00
1599,6400,128,1.00
1600,6400,128,1.00
1601,6400,128,1.00
1602,6400,128,1.00
1603,6400,128,1.00
1604,6400,128,1.00
1605,6400,128,1.00
1606,6400,128,1.00
1607,6400,128,1.00
1608,6400,128,1.00
1609,6400,128,1.00
1610,6400,128,1.00
1611,6400,128,1.00
1612,6400,128,1.00
1613,6400,128,1.00
1614,6400,128,1.00
1615,6400,128,1.00
1616,6400,128,1.00
1617,6400,128,1.00
1618,6400,128,1.00
1619,6400,128,1.00
1620,6400,128,1.00
1621,6400,128,1.00
1622,6400,128,1.00
1623,6400,128,1.00
1624,6400,128,1.00
1625,6400,128,1.00
1626,6400,128,1.00
1627,6400,128,1.00
1628,6400,128,1.00
1629,6400,128,1.00
1630,6400,128,1.00
1631,6400,128,1.00
1632,6400,128,1.00
1633,6400,128,1.00
1634,6400,128,1.00
1635,6400,128,1.00
1636,6400,128,1.00
1637,6400,128,1.00
1638,6400,128,1.00
1639,6400,128,1.00
1640,6400,128,1.00
1641,6400,128,1.00
1642,6400,128,1.00
1643,6400,128,1.00
1644,6400,128,1.00
1645,6400,128,1.00
1646,6400,128,1.00
1647,6400,128,1.00
1648,6400,128,1.00
1649,6400,128,1.00
1650,6400,128,1.00
1651,6400,128,1.00
1652,6400,128,1.00
1653,6400,128,1.00
1654,6400,128,1.00
1655,6400,128,1.00
1656,6400,128,1.00
1657,6400,128,1.00
1658,6400,128,1.00
1659,6400,128,1.00
1660,6400,128,1.00
1661,6400,128,1.00
1662,6400,128,1.00
1663,6400,128,1.00
1664,6400,128,1.00
1665,6400,128,1.00
1666,6400,128,1.00
1667,6400,128,1.00
1668,6400,128,1.00
1669,6400,128,1.00
1670,6400,128,1.00
1671,6400,128,1.00
1672,6400,128,1.00
1673,6400,128,1.00
1674,6400,128,1.00
1675,6400,128,1.00
1676,6400,128,1.00
1677,6400,128,1.00
1678,6400,128,1.00
1679,6400,128,1.00
1680,6400,128,1.00
1681,6400,128,1.00
1682,6400,128,1.00
1683,6400,128,1.00
1684,6400,128,1.00
1685,6400,128,1.00
1686,6400,128,1.00
1687,6400,128,1.00
1688,6400,128,1.00
1689,6400,128,1.00
1690,6400,128,1.00
1691,6400,128,1.00
1692,6400,128,1.00
1693,6400,128,1.00
1694,6400,128,1.00
1695,6400,128,1.00
1696,6400,128,1.00
1697,6400,128,1.00
1698,6400,128,1.00
1699,6400,128,1.00
1700,6400,128,1.00
1701,6400,128,1.00
1702,6400,128,1.00
1703,6400,128,1.00
1704,6400,128,1.00
1705,6400,128,1.00
1706,6400,128,1.00
1707,6400,128,1.00
1708,6400,128,1.00
1709,6400,128,1.00
1710,6400,128,1.00
1711,6400,128,1.00
1712,6400,128,1.00
1713,6400,128,1.00
1714,6400,128,1.00
1715,6400,128,1.00
1716,6400,128,1.00
1717,6400,128,1.00
1718,6400,128,1.00
1719,6400,128,1.00
1720,6400,128,1.00
1721,6400,128,1.00
1722,6400,128,1.00
1723,6400,128,1.00
1724,6400,128,1.00
1725,6400,128,1.00
1726,6400,128,1.00
1727,6400,128,1.00
1728,6400,128,1.00
1729,6400,128,1.00
1730,6400,128,1.00
1731,6400,128,1.00
1732,6400,128,1.00
1733,6400,128,1.00
1734,6400,128,1.00
1735,6400,128,1.00
1736,6400,128,1.00
1737,6400,128,1.00
1738,6400,128,1.00
1739,6400,128,1.00
1740,6400,128,1.00
1741,6400,128,1.00
1742,6400,128,1.00
1743,6400,128,1.00
1744,6400,128,1.00
1745,6400,128,1.00
1746,6400,128,1.00
1747,6400,128,1.00
1748,6400,128,1.00
1749,6400,128,1.00
1750,6400,128,1.00
1751,6400,128,1.00
1752,6400,128,1.00
1753,6400,128,1.00
1754,6400,128,1.00
1755,6400,128,1.00
1756,6400,128,1.00
1757,6400,128,1.00
1758,6400,128,1.00
1759,6400,128,1.00
1760,6400,128,1.00
1761,6400,128,1.00
1762,6400,128,1.00
1763,6400,128,1.00
1764,6400,128,1.00
1765,6400,128,1.00
1766,6400,128,1.00
1767,6400,128,1.00
1768,6400,128,1.00
1769,6400,128,1.00
1770,6400,128,1.00
1771,6400,128,1.00
1772,6400,128,1.00
1773,6400,128,1.00
1774,6400,128,1.00
1775,6400,128,1.00
1776,6400,128,1.00
1777,6400,128,1.00
1778,6400,128,1.00
1779,6400,128,1.00
1780,6400,128,1.00
1781,6400,128,1.00
1782,6400,128,1.00
1783,6400,128,1.00
1784,6400,128,1.00
1785,6400,128,1.00
1786,6400,128,1.00
1787,6400,128,1.00
1788,6400,128,1.00
1789,6400,128,1.00
1790,6400,128,1.00
1791,6400,128,1.00
1792,6400,128,1.00
1793,6400,128,1.00
1794,6400,128,1.00
1795,6400,128,1.00
1796,6400,128,1.00
1797,6400,128,1.00
1798,6400,128,1.00
1799,6400,128,1.00
1800,6400,128,1.00
1801,6400,128,1.00
1802,6400,128,1.00
1803,6400,128,1.00
1804,6400,128,1.00
1805,6400,128,1.00
1806,6400,128,1.00
1807,6400,128,1.00
1808,6400,128,1.00
1809,6400,128,1.00
1810,6400,128,1.00
1811,6400,128,1.00
1812,6400,128,1.00
1813,6400,128,1.00
1814,6400,128,1.00
1815,6400,128,1.00
1816,6400,128,1.00
1817,6400,128,1.00
1818,6400,128,1.00
1819,6400,128,1.00
1820,6400,128,1.00
1821,6400,128,1.00
1822,6400,128,1.00
1823,6400,128,1.00
1824,6400,128,1.00
1825,6400,128,1.00
1826,6400,128,1.00
1827,6400,128,1.00
1828,6400,128,1.00
1829,6400,128,1.00
1830,6400,128,1.00
1831,6400,128,1.00
1832,6400,128,1.00
1833,6400,128,1.00
1834,6400,128,1.00
1835,6400,128,1.00
1836,6400,128,1.00
1837,6400,128,1.00
1838,6400,128,1.00
1839,6400,128,1.00
1840,6400,128,1.00
1841,6400,128,1.00
1842,6400,128,1.00
1843,6400,128,1.00
1844,6400,128,1.00
1845,6400,128,1.00
1846,6400,128,1.00
1847,6400,128,1.00
1848,6400,128,1.00
1849,6400,128,1.00
1850,6400,128,1.00
1851,6400,128,1.00
1852,6400,128,1.00
1853,6400,128,1.00
1854,6400,128,1.00
1855,6400,128,1.00
1856,6400,128,1.00
1857,6400,128,1.00
1858,6400,128,1.00
1859,6400,128,1.00
1860,6400,128,1.00
1861,6400,128,1.00
1862,6400,128,1.00
1863,6400,128,1.00
1864,6400,128,1.00
1865,6400,128,1.00
1866,6400,128,1.00
1867,6400,128,1.00
1868,6400,128,1.00
1869,6400,128,1.00
1870,6400,128,1.00
1871,6400,128,1.00
1872,6400,128,1.00
1873,6400,128,1.00
1874,6400,128,1.00
1875,6400,128,1.00
1876,6400,128,1.00
1877,6400,128,1.00
1878,6400,128,1.00
1879,6400,128,1.00
1880,6400,128,1.00
1881,6400,128,1.00
1882,6400,128,1.00
1883,6400,128,1.00
1884,6400,128,1.00
1885,6400,128,1.00
1886,6400,128,1.00
1887,6400,128,1.00
1888,6400,128,1.00
1889,6400,128,1.00
1890,6400,128,1.00
1891,6400,128,1.00
1892,6400,128,1.00
1893,6400,128,1.00
1894,6400,128,1.00
1895,6400,128,1.00
1896,6400,128,1.00
1897,6400,128,1.00
1898,6400,128,1.00
1899,6400,128,1.00
1900,6400,128,1.00
1901,6400,128,1.00
1902,6400,128,1.00
1903,6400,128,1.00
1904,6400,128,1.00
1905,6400,128,1.00
1906,6400,128,1.00
1907,6400,128,1.00
1908,6400,128,1.00
1909,6400,128,1.00
1910,6400,128,1.00
1911,6400,128,1.00
1912,6400,128,1.00
1913,6400,128,1.00
1914,6400,128,1.00
1915,6400,128,1.00
1916,6400,128,1.00
1917,6400,128,1.00
1918,6400,128,1.00
1919,6400,128,1.00
1920,6400,128,1.00
1921,6400,128,1.00
1922,6400,128,1.00
1923,6400,128,1.00
1924,6400,128,1.00
1925,6400,128,1.00
1926,6400,128,1.00
1927,6400,128,1.00
1928,6400,128,1.00
1929,6400,128,1.00
1930,6400,128,1.00
1931,6400,128,1.00
1932,6400,128,1.00
1933,6400,128,1.00
1934,6400,128,1.00
1935,6400,128,1.00
1936,6400,128,1.00
1937,6400,128,1.00
1938,6400,128,1.00
1939,6400,128,1.00
1940,6400,128,1.00
1941,6400,128,1.00
1942,6400,128,1.00
1943,6400,128,1.00
1944,6400,128,1.00
1945,6400,128,1.00
1946,6400,128,1.00
1947,6400,128,1.00
1948,6400,128,1.00
1949,6400,128,1.00
1950,6400,128,1.00
1951,6400,128,1.00
1952,6400,128,1.00
1953,6400,128,1.00
1954,6400,128,1.00
1955,6400,128,1.00
1956,6400,128,1.00
1957,6400,128,1.00
1958,6400,128,1.00
1959,6400,128,1.00
1960,6400,128,1.00
1961,6400,128,1.00
1962,6400,128,1.00
1963,6400,128,1.00
1964,6400,128,1.00
1965,6400,128,1.00
1966,6400,128,1.00
1967,6400,128,1.00
1968,6400,128,1.00
1969,6400,128,1.00
1970,6400,128,1.00
1971,6400,128,1.00
1972,6400,128,1.00
1973,6400,128,1.00
1974,6400,128,1.00
1975,6400,128,1.00
1976,6400,128,1.00
1977,6400,128,1.00
1978,6400,128,1.00
1979,6400,128,1.00
1980,6400,128,1.00
1981,6400,128,1.00
1982,6400,128,1.00
1983,6400,128,1.00
1984,6400,128,1.00
1985,6400,128,1.00
1986,6400,128,1.00
1987,6400,128,1.00
1988,6400,128,1.00
1989,6400,128,1.00
1990,6400,128,1.00
1991,6400,128,1.00
1992,6400,128,1.00
1993,6400,128,1.00
1994,6400,128,1.00
1995,6400,128,1.00
1996,6400,128,1.00
1997,6400,128,1.00
1998,6400,128,1.00
1999,6400,128,1.00
2000,6400,128,1.00
2001,6400,128,1.00
2002,6400,128,1.00
2003,6400,128,1.00
2004,6400,128,1.00
2005,6400,128,1.00
2006,6400,128,1.00
2007,6400,128,1.00
2008,6400,128,1.00
2009,6400,128,1.00
2010,6400,128,1.00
2011,6400,128,1.00
2012,6400,128,1.00
2013,6400,128,1.00
2014,6400,128,1.00
2015,6400,128,1.00
2016,6400,128,1.00
2017,6400,128,1.00
2018,6400,128,1.00
2019,6400,128,1.00
2020,6400,128,1.00
2021,6400,128,1.00
2022,6400,128,1.00
2023,6400,128,1.00
2024,6400,128,1.00
2025,6400,128,1.00
2026,6400,128,1.00
2027,6400,128,1.00
2028,6400,128,1.00
2029,6400,128,1.00
2030,6400,128,1.00
2031,6400,128,1.00
2032,6400,128,1.00
2033,6400,128,1.00
2034,6400,128,1.00
2035,6400,128,1.00
2036,6400,128,1.00
2037,6400,128,1.00
2038,6400,128,1.00
2039,6400,128,1.00
2040,6400,128,1.00
2041,6400,128,1.00
2042,6400,128,1.00
2043,6400,128,1.00
2044,6400,128,1.00
2045,6400,128,1.00
2046,6400,128,1.00
2047,6400,128,1.00
2048,6400,128,1.00
2049,6400,128,1.00
2050,6400,128,1.00
2051,6400,128,1.00
2052,6400,128,1.00
2053,6400,128,1.00
2054,6400,128,1.00
2055,6400,128,1.00
2056,6400,128,1.00
2057,6400,128,1.00
2058,6400,128,1.00
2059,6400,128,1.00
2060,6400,128,1.00
2061,6400,128,1.00
2062,6400,128,1.00
2063,6400,128,1.00
2064,6400,128,1.00
2065,6400,128,1.00
2066,6400,128,1.00
2067,6400,128,1.00
2068,6400,128,1.00
2069,6400,128,1.00
2070,6400,128,1.00
2071,6400,128,1.00
2072,6400,128,1.00
2073,6400,128,1.00
2074,6400,128,1.00
2075,6400,128,1.00
2076,6400,128,1.00
2077,6400,128,1.00
2078,6400,128,1.00
2079,6400,128,1.00
2080,6400,128,1.00
2081,6400,128,1.00
2082,6400,128,1.00
2083,6400,128,1.00
2084,6400,128,1.00
2085,6400,128,1.00
2086,6400,128,1.00
2087,6400,128,1.00
2088,6400,128,1.00
2089,6400,128,1.00
2090,6400,128,1.00
2091,6400,128,1.00
2092,6400,128,1.00
2093,6400,128,1.00
2094,6400,128,1.00
2095,6400,128,1.00
2096,6400,128,1.00
2097,6400,128,1.00
2098,6400,128,1.00
2099,6400,128,1.00
2100,6400,128,1.00
2101,6400,128,1.00
2102,6400,128,1.00
2103,6400,128,1.00
2104,6400,128,1.00
2105,6400,128,1.00
2106,6400,128,1.00
2107,6400,128,1.00
2108,6400,128,1.00
2109,6400,128,1.00
2110,6400,128,1.00
2111,6400,128,1.00
2112,6400,128,1.00
2113,6400,128,1.00
2114,6400,128,1.00
2115,6400,128,1.00
2116,6400,128,1.00
2117,6400,128,1.00
2118,6400,128,1.00
2119,6400,128,1.00
2120,6400,128,1.00
2121,6400,128,1.00
2122,6400,128,1.00
2123,6400,128,1.00
2124,6400,128,1.00
2125,6400,128,1.00
2126,6400,128,1.00
2127,6400,128,1.00
2128,6400,128,1.00
2129,6400,128,1.00
2130,6400,128,1.00
2131,6400,128,1.00
2132,6400,128,1.00
2133,6400,128,1.00
2134,6400,128,1.00
2135,6400,128,1.00
2136,6400,128,1.00
2137,6400,128,1.00
2138,6400,128,1.00
2139,6400,128,1.00
2140,6400,128,1.00
2141,6400,128,1.00
2142,6400,128,1.00
2143,6400,128,1.00
2144,6400,128,1.00
2145,6400,128,1.00
2146,6400,128,1.00
2147,6400,128,1.00
2148,6400,128,1.00
2149,6400,128,1.00
2150,6400,128,1.00
2151,6400,128,1.00
2152,6400,128,1.00
2153,6400,128,1.00
2154,6400,128,1.00
2155,6400,128,1.00
2156,6400,128,1.00
2157,6400,128,1.00
2158,6400,128,1.00
2159,6400,128,1.00
2160,6400,128,1.00
2161,6400,128,1.00
2162,6400,128,1.00
2163,6400,128,1.00
2164,6400,128,1.00
2165,6400,128,1.00
2166,6400,128,1.00
2167,6400,128,1.00
2168,6400,128,1.00
2169,6400,128,1.00
2170,6400,128,1.00
2171,6400,128,1.00
2172,6400,128,1.00
2173,6400,128,1.00
2174,6400,128,1.00
2175,6400,128,1.00
2176,6400,128,1.00
2177,6400,128,1.00
2178,6400,128,1.00
2179,6400,128,1.00
2180,6400,128,1.00
2181,6400,128,1.00
2182,6400,128,1.00
2183,6400,128,1.00
2184,6400,128,1.00
2185,6400,128,1.00
2186,6400,128,1.00
2187,6400,128,1.00
2188,6400,128,1.00
2189,6400,128,1.00
2190,6400,128,1.00
2191,6400,128,1.00
2192,6400,128,1.00
2193,6400,128,1.00
2194,6400,128,1.00
2195,6400,128,1.00
2196,6400,128,1.00
2197,6400,128,1.00
2198,6400,128,1.00
2199,6400,128,1.00
2200,6400,128,1.00
2201,6400,128,1.00
2202,6400,128,1.00
2203,6400,128,1.00
2204,6400,128,1.00
2205,6400,128,1.00
2206,6400,128,1.00
2207,6400,128,1.00
2208,6400,128,1.00
2209,6400,128,1.00
2210,6400,128,1.00
2211,6400,128,1.00
2212,6400,128,1.00
2213,6400,128,1.00
2214,6400,128,1.00
2215,6400,128,1.00
2216,6400,128,1.00
2217,6400,128,1.00
2218,6400,128,1.00
2219,6400,128,1.00
2220,6400,128,1.00
2221,6400,128,1.00
2222,6400,128,1.00
2223,6400,128,1.00
2224,6400,128,1.00
2225,6400,128,1.00
2226,6400,128,1.00
2227,6400,128,1.00
2228,6400,128,1.00
2229,6400,128,1.00
2230,6400,128,1.00
2231,6400,128,1.00
2232,6400,128,1.00
2233,6400,128,1.00
2234,6400,128,1.00
2235,6400,128,1.00
2236,6400,128,1.00
2237,6400,128,1.00
2238,6400,128,1.00
2239,6400,128,1.00
2240,6400,128,1.00
2241,6400,128,1.00
2242,6400,128,1.00
2243,6400,128,1.00
2244,6400,128,1.00
2245,6400,128,1.00
2246,6400,128,1.00
2247,6400,128,1.00
2248,6400,128,1.00
2249,6400,128,1.00
2250,6400,128,1.00
2251,6400,128,1.00
2252,6400,128,1.00
2253,6400,128,1.00
2254,6400,128,1.00
2255,6400,128,1.00
2256,6400,128,1.00
2257,6400,128,1.00
2258,6400,128,1.00
2259,6400,128,1.00
2260,6400,128,1.00
2261,6400,128,1.00
2262,6400,128,1.00
2263,6400,128,1.00
2264,6400,128,1.00
2265,6400,128,1.00
2266,6400,128,1.00
2267,6400,128,1.00
2268,6400,128,1.00
2269,6400,128,1.00
2270,6400,128,1.00
2271,6400,128,1.00
2272,6400,128,1.00
2273,6400,128,1.00
2274,6400,128,1.00
2275,6400,128,1.00
2276,6400,128,1.00
2277,6400,128,1.00
2278,6400,128,1.00
2279,6400,128,1.00
2280,6400,128,1.00
2281,6400,128,1.00
2282,6400,128,1.00
2283,6400,128,1.00
2284,6400,128,1.00
2285,6400,128,1.00
2286,6400,128,1.00
2287,6400,128,1.00
2288,6400,128,1.00
2289,6400,128,1.00
2290,6400,128,1.00
2291,6400,128,1.00
2292,6400,128,1.00
2293,6400,128,1.00
2294,6400,128,1.00
2295,6400,128,1.00
2296,6400,128,1.00
2297,6400,128,1.00
2298,6400,128,1.00
2299,6400,128,1.00
2300,6400,128,1.00
2301,6400,128,1.00
2302,6400,128,1.00
2303,6400,128,1.00
2304,6400,128,1.00
2305,6400,128,1.00
2306,6400,128,1.00
2307,6400,128,1.00
2308,6400,128,1.00
2309,6400,128,1.00
2310,6400,128,1.00
2311,6400,128,1.00
2312,6400,128,1.00
2313,6400,128,1.00
2314,6400,128,1.00
2315,6400,128,1.00
2316,6400,128,1.00
2317,6400,128,1.00
2318,6400,128,1.00
2319,6400,128,1.00
2320,6400,128,1.00
2321,6400,128,1.00
2322,6400,128,1.00
2323,6400,128,1.00
2324,6400,128,1.00
2325,6400,128,1.00
2326,6400,128,1.00
2327,6400,128,1.00
2328,6400,128,1.00
2329,6400,128,1.00
2330,6400,128,1.00
2331,6400,128,1.00
2332,6400,128,1.00
2333,6400,128,1.00
2334,6400,128,1.00
2335,6400,128,1.00
2336,6400,128,1.00
2337,6400,128,1.00
2338,6400,128,1.00
2339,6400,128,1.00
2340,6400,128,1.00
2341,6400,128,1.00
2342,6400,128,1.00
2343,6400,128,1.00
2344,6400,128,1.00
2345,6400,128,1.00
2346,6400,128,1.00
2347,6400,128,1.00
2348,6400,128,1.00
2349,6400,128,1.00
2350,6400,128,1.00
2351,6400,128,1.00
2352,6400,128,1.00
2353,6400,128,1.00
2354,6400,128,1.00
2355,6400,128,1.00
2356,6400,128,1.00
2357,6400,128,1.00
2358,6400,128,1.00
2359,6400,128,1.00
2360,6400,128,1.00
2361,6400,128,1.00
2362,6400,128,1.00
2363,6400,128,1.00
2364,6400,128,1.00
2365,6400,128,1.00
2366,6400,128,1.00
2367,6400,128,1.00
2368,6400,128,1.00
2369,6400,128,1.00
2370,6400,128,1.00
2371,6400,128,1.00
2372,6400,128,1.00
2373,6400,128,1.00
2374,6400,128,1.00
2375,6400,128,1.00
2376,6400,128,1.00
2377,6400,128,1.00
2378,6400,128,1.00
2379,6400,128,1.00
2380,6400,128,1.00
2381,6400,128,1.00
2382,6400,128,1.00
2383,6400,128,1.00
2384,6400,128,1.00
2385,6400,128,1.00
2386,6400,128,1.00
2387,6400,128,1.00
2388,6400,128,1.00
2389,6400,128,1.00
2390,6400,128,1.00
2391,6400,128,1.00
2392,6400,128,1.00
2393,6400,128,1.00
2394,6400,128,1.00
2395,6400,128,1.00
2396,6400,128,1.00
2397,6400,128,1.00
2398,6400,128,1.00
2399,6400,128,1.00
2400,6400,128,1.00
2401,6400,128,1.00
2402,6400,128,1.00
2403,6400,128,1.00
2404,6400,128,1.00
2405,6400,128,1.00
2406,6400,128,1.00
2407,6400,128,1.00
2408,6400,128,1.00
2409,6400,128,1.00
2410,6400,128,1.00
2411,6400,128,1.00
2412,6400,128,1.00
2413,6400,128,1.00
2414,6400,128,1.00
2415,6400,128,1.00
2416,6400,128,1.00
2417,6400,128,1.00
2418,6400,128,1.00
2419,6400,128,1.00
2420,6400,128,1.00
2421,6400,128,1.00
2422,6400,128,1.00
2423,6400,128,1.00
2424,6400,128,1.00
2425,6400,128,1.00
2426,6400,128,1.00
2427,6400,128,1.00
2428,6400,128,1.00
2429,6400,128,1.00
2430,6400,128,1.00
2431,6400,128,1.00
2432,6400,128,1.00
2433,6400,128,1.00
2434,6400,128,1.00
2435,6400,128,1.00
2436,6400,128,1.00
2437,6400,128,1.00
2438,6400,128,1.00
2439,6400,128,1.00
2440,6400,128,1.00
2441,6400,128,1.00
2442,6400,128,1.00
2443,6400,128,1.00
2444,6400,128,1.00
2445,6400,128,1.00
2446,6400,128,1.00
2447,6400,128,1.00
2448,6400,128,1.00
2449,6400,128,1.00
2450,6400,128,1.00
2451,6400,128,1.00
2452,6400,128,1.00
2453,6400,128,1.00
2454,6400,128,1.00
2455,6400,128,1.00
2456,6400,128,1.00
2457,6400,128,1.00
2458,6400,128,1.00
2459,6400,128,1.00
2460,6400,128,1.00
2461,6400,128,1.00
2462,6400,128,1.00
2463,6400,128,1.00
2464,6400,128,1.00
2465,6400,128,1.00
2466,6400,128,1.00
2467,6400,128,1.00
2468,6400,128,1.00
2469,6400,128,1.00
2470,6400,128,1.00
2471,6400,128,1.00
2472,6400,128,1.00
2473,6400,128,1.00
2474,6400,128,1.00
2475,6400,128,1.00
2476,6400,128,1.00
2477,6400,128,1.00
2478,6400,128,1.00
2479,6400,128,1.00
2480,6400,128,1.00
2481,6400,128,1.00
2482,6400,128,1.00
2483,6400,128,1.00
2484,6400,128,1.00
2485,6400,128,1.00
2486,6400,128,1.00
2487,6400,128,1.00
2488,6400,128,1.00
2489,6400,128,1.00
2490,6400,128,1.00
2491,6400,128,1.00
2492,6400,128,1.00
2493,6400,128,1.00
2494,6400,128,1.00
2495,6400,128,1.00
2496,6400,128,1.00
2497,6400,128,1.00
2498,6400,128,1.00
2499,6400,128,1.00
2500,6400,128,1.00
2501,6400,128,1.00
2502,6400,128,1.00
2503,6400,128,1.00
2504,6400,128,1.00
2505,6400,128,1.00
2506,6400,128,1.00
2507,6400,128,1.00
2508,6400,128,1.00
2509,6400,128,1.00
2510,6400,128,1.00
2511,6400,128,1.00
2512,6400,128,1.00
2513,6400,128,1.00
2514,6400,128,1.00
2515,6400,128,1.00
2516,6400,128,1.00
2517,6400,128,1.00
2518,6400,128,1.00
2519,6400,128,1.00
2520,6400,128,1.00
2521,6400,128,1.00
2522,6400,128,1.00
2523,6400,128,1.00
2524,6400,128,1.00
2525,6400,128,1.00
2526,6400,128,1.00
2527,6400,128,1.00
2528,6400,128,1.00
2529,6400,128,1.00
2530,6400,128,1.00
2531,6400,128,1.00
2532,6400,128,1.00
2533,6400,128,1.00
2534,6400,128,1.00
2535,6400,128,1.00
2536,6400,128,1.00
2537,6400,128,1.00
2538,6400,128,1.00
2539,6400,128,1.00
2540,6400,128,1.00
2541,6400,128,1.00
2542,6400,128,1.00
2543,6400,128,1.00
2544,6400,128,1.00
2545,6400,128,1.00
2546,6400,128,1.00
2547,6400,128,1.00
2548,6400,128,1.00
2549,6400,128,1.00
2550,6400,128,1.00
2551,6400,128,1.00
2552,6400,128,1.00
2553,6400,128,1.00
2554,6400,128,1.00
2555,6400,128,1.00
2556,6400,128,1.00
2557,6400,128,1.00
2558,6400,128,1.00
2559,6400,128,1.00
2560,6400,128,1.00
2561,6400,128,1.00
2562,6400,128,1.00
2563,6400,128,1.00
2564,6400,128,1.00
2565,6400,128,1.00
2566,6400,128,1.00
2567,6400,128,1.00
2568,6400,128,1.00
2569,6400,128,1.00
2570,6400,128,1.00
2571,6400,128,1.00
2572,6400,128,1.00
2573,6400,128,1.00
2574,6400,128,1.00
2575,6400,128,1.00
2576,6400,128,1.00
2577,6400,128,1.00
2578,6400,128,1.00
2579,6400,128,1.00
2580,6400,128,1.00
2581,6400,128,1.00
2582,6400,128,1.00
2583,6400,128,1.00
2584,6400,128,1.00
2585,6400,128,1.00
2586,6400,128,1.00
2587,6400,128,1.00
2588,6400,128,1.00
2589,6400,128,1.00
2590,6400,128,1.00
2591,6400,128,1.00
2592,6400,128,1.00
2593,6400,128,1.00
2594,6400,128,1.00
2595,6400,128,1.00
2596,6400,128,1.00
2597,6400,128,1.00
2598,6400,128,1.00
2599,6400,128,1.00
2600,6400,128,1.00
2601,6400,128,1.00
2602,6400,128,1.00
2603,6400,128,1.00
2604,6400,128,1.00
2605,6400,128,1.00
2606,6400,128,1.00
2607,6400,128,1.00
2608,6400,128,1.00
2609,6400,128,1.00
2610,6400,128,1.00
2611,6400,128,1.00
2612,6400,128,1.00
2613,6400,128,1.00
2614,6400,128,1.00
2615,6400,128,1.00
2616,6400,128,1.00
2617,6400,128,1.00
2618,6400,128,1.00
2619,6400,128,1.00
2620,6400,128,1.00
2621,6400,128,1.00
2622,6400,128,1.00
2623,6400,128,1.00
2624,6400,128,1.00
2625,6400,128,1.00
2626,6400,128,1.00
2627,6400,128,1.00
2628,6400,128,1.00
2629,6400,128,1.00
2630,6400,128,1.00
2631,6400,128,1.00
2632,6400,128,1.00
2633,6400,128,1.00
2634,6400,128,1.00
2635,6400,128,1.00
2636,6400,128,1.00
2637,6400,128,1.00
2638,6400,128,1.00
2639,6400,128,1.00
2640,6400,128,1.00
2641,6400,128,1.00
2642,6400,128,1.00
2643,6400,128,1.00
2644,6400,128,1.00
2645,6400,128,1.00
2646,6400,128,1.00
2647,6400,128,1.00
2648,6400,128,1.00
2649,6400,128,1.00
2650,6400,128,1.00
2651,6400,128,1.00
2652,6400,128,1.00
2653,6400,128,1.00
2654,6400,128,1.00
2655,6400,128,1.00
2656,6400,128,1.00
2657,6400,128,1.00
2658,6400,128,1.00
2659,6400,128,1.00
2660,6400,128,1.00
2661,6400,128,1.00
2662,6400,128,1.00
2663,6400,128,1.00
2664,6400,128,1.00
2665,6400,128,1.00
2666,6400,128,1.00
2667,6400,128,1.00
2668,6400,128,1.00
2669,6400,128,1.00
2670,6400,128,1.00
2671,6400,128,1.00
2672,6400,128,1.00
2673,6400,128,1.00
2674,6400,128,1.00
2675,6400,128,1.00
2676,6400,128,1.00
2677,6400,128,1.00
2678,6400,128,1.00
2679,6400,128,1.00
2680,6400,128,1.00
2681,6400,128,1.00
2682,6400,128,1.00
2683,6400,128,1.00
2684,6400,128,1.00
2685,6400,128,1.00
2686,6400,128,1.00
2687,6400,128,1.00
2688,6400,128,1.00
2689,6400,128,1.00
2690,6400,128,1.00
2691,6400,128,1.00
2692,6400,128,1.00
2693,6400,128,1.00
2694,6400,128,1.00
2695,6400,128,1.00
2696,6400,128,1.00
2697,6400,128,1.00
2698,6400,128,1.00
2699,6400,128,1.00
2700,6400,128,1.00
2701,6400,128,1.00
2702,6400,128,1.00
2703,6400,128,1.00
2704,6400,128,1.00
2705,6400,128,1.00
2706,6400,128,1.00
2707,6400,128,1.00
2708,6400,128,1.00
2709,6400,128,1.00
2710,6400,128,1.00
2711,6400,128,1.00
2712,6400,128,1.00
2713,6400,128,1.00
2714,6400,128,1.00
2715,6400,128,1.00
2716,6400,128,1.00
2717,6400,128,1.00
2718,6400,128,1.00
2719,6400,128,1.00
2720,6400,128,1.00
2721,6400,128,1.00
2722,6400,128,1.00
2723,6400,128,1.00
2724,6400,128,1.00
2725,6400,128,1.00
2726,6400,128,1.00
2727,6400,128,1.00
2728,6400,128,1.00
2729,6400,128,1.00
2730,6400,128,1.00
2731,6400,128,1.00
2732,6400,128,1.00
2733,6400,128,1.00
2734,6400,128,1.00
2735,6400,128,1.00
2736,6400,128,1.00
2737,6400,128,1.00
2738,6400,128,1.00
2739,6400,128,1.00
2740,6400,128,1.00
2741,6400,128,1.00
2742,6400,128,1.00
2743,6400,128,1.00
2744,6400,128,1.00
2745,6400,128,1.00
2746,6400,128,1.00
2747,6400,128,1.00
2748,6400,128,1.00
2749,6400,128,1.00
2750,6400,128,1.00
2751,6400,128,1.00
2752,6400,128,1.00
2753,6400,128,1.00
2754,6400,128,1.00
2755,6400,128,1.00
2756,6400,128,1.00
2757,6400,128,1.00
2758,6400,128,1.00
2759,6400,128,1.00
2760,6400,128,1.00
2761,6400,128,1.00
2762,6400,128,1.00
2763,6400,128,1.00
2764,6400,128,1.00
2765,6400,128,1.00
2766,6400,128,1.00
2767,6400,128,1.00
2768,6400,128,1.00
2769,6400,128,1.00
2770,6400,128,1.00
2771,6400,128,1.00
2772,6400,128,1.00
2773,6400,128,1.00
2774,6400,128,1.00
2775,6400,128,1.00
2776,6400,128,1.00
2777,6400,128,1.00
2778,6400,128,1.00
2779,6400,128,1.00
2780,6400,128,1.00
2781,6400,128,1.00
2782,6400,128,1.00
2783,6400,128,1.00
2784,6400,128,1.00
2785,6400,128,1.00
2786,6400,128,1.00
2787,6400,128,1.00
2788,6400,128,1.00
2789,6400,128,1.00
2790,6400,128,1.00
2791,6400,128,1.00
2792,6400,128,1.00
2793,6400,128,1.00
2794,6400,128,1.00
2795,6400,128,1.00
2796,6400,128,1.00
2797,6400,128,1.00
2798,6400,128,1.00
2799,6400,128,1.00
2800,6400,128,1.00
2801,6400,128,1.00
2802,6400,128,1.00
2803,6400,128,1.00
2804,6400,128,1.00
2805,6400,128,1.00
2806,6400,128,1.00
2807,6400,128,1.00
2808,6400,128,1.00
2809,6400,128,1.00
2810,6400,128,1.00
2811,6400,128,1.00
2812,6400,128,1.00
2813,6400,128,1.00
2814,6400,128,1.00
2815,6400,128,1.00
2816,6400,128,1.00
2817,6400,128,1.00
2818,6400,128,1.00
2819,6400,128,1.00
2820,6400,128,1.00
2821,6400,128,1.00
2822,6400,128,1.00
2823,6400,128,1.00
2824,6400,128,1.00
2825,6400,128,1.00
2826,6400,128,1.00
2827,6400,128,1.00
2828,6400,128,1.00
2829,6400,128,1.00
2830,6400,128,1.00
2831,6400,128,1.00
2832,6400,128,1.00
2833,6400,128,1.00
2834,6400,128,1.00
2835,6400,128,1.00
2836,6400,128,1.00
2837,6400,128,1.00
2838,6400,128,1.00
2839,6400,128,1.00
2840,6400,128,1.00
2841,6400,128,1.00
2842,6400,128,1.00
2843,6400,128,1.00
2844,6400,128,1.00
2845,6400,128,1.00
2846,6400,128,1.00
2847,6400,128,1.00
2848,6400,128,1.00
2849,6400,128,1.00
2850,6400,128,1.00
2851,6400,128,1.00
2852,6400,128,1.00
2853,6400,128,1.00
2854,6400,128,1.00
2855,6400,128,1.00
2856,6400,128,1.00
2857,6400,128,1.00
2858,6400,128,1.00
2859,6400,128,1.00
2860,6400,128,1.00
2861,6400,128,1.00
2862,6400,128,1.00
2863,6400,128,1.00
2864,6400,128,1.00
2865,6400,128,1.00
2866,6400,128,1.00
2867,6400,128,1.00
2868,6400,128,1.00
2869,6400,128,1.00
2870,6400,128,1.00
2871,6400,128,1.00
2872,6400,128,1.00
2873,6400,128,1.00
2874,6400,128,1.00
2875,6400,128,1.00
2876,6400,128,1.00
2877,6400,128,1.00
2878,6400,128,1.00
2879,6400,128,1.00
2880,6400,128,1.00
2881,6400,128,1.00
2882,6400,128,1.00
2883,6400,128,1.00
2884,6400,128,1.00
2885,6400,128,1.00
2886,6400,128,1.00
2887,6400,128,1.00
2888,6400,128,1.00
2889,6400,128,1.00
2890,6400,128,1.00
2891,6400,128,1.00
2892,6400,128,1.00
2893,6400,128,1.00
2894,6400,128,1.00
2895,6400,128,1.00
2896,6400,128,1.00
2897,6400,128,1.00
2898,6400,128,1.00
2899,6400,128,1.00
2900,6400,128,1.00
2901,6400,128,1.00
2902,6400,128,1.00
2903,6400,128,1.00
2904,6400,128,1.00
2905,6400,128,1.00
2906,6400,128,1.00
2907,6400,128,1.00
2908,6400,128,1.00
2909,6400,128,1.00
2910,6400,128,1.00
2911,6400,128,1.00
2912,6400,128,1.00
2913,6400,128,1.00
2914,6400,128,1.00
2915,6400,128,1.00
2916,6400,128,1.00
2917,6400,128,1.00
2918,6400,128,1.00
2919,6400,128,1.00
2920,6400,128,1.00
2921,6400,128,1.00
2922,6400,128,1.00
2923,6400,128,1.00
2924,6400,128,1.00
2925,6400,128,1.00
2926,6400,128,1.00
2927,6400,128,1.00
2928,6400,128,1.00
2929,6400,128,1.00
2930,6400,128,1.00
2931,6400,128,1.00
2932,6400,128,1.00
2933,6400,128,1.00
2934,6400,128,1.00
2935,6400,128,1.00
2936,6400,128,1.00
2937,6400,128,1.00
2938,6400,128,1.00
2939,6400,128,1.00
2940,6400,128,1.00
2941,6400,128,1.00
2942,6400,128,1.00
2943,6400,128,1.00
2944,6400,128,1.00
2945,6400,128,1.00
2946,6400,128,1.00
2947,6400,128,1.00
2948,6400,128,1.00
2949,6400,128,1.00
2950,6400,128,1.00
2951,6400,128,1.00
2952,6400,128,1.00
2953,6400,128,1.00
2954,6400,128,1.00
2955,6400,128,1.00
2956,6400,128,1.00
2957,6400,128,1.00
2958,6400,128,1.00
2959,6400,128,1.00
2960,6400,128,1.00
2961,6400,128,1.00
2962,6400,128,1.00
2963,6400,128,1.00
2964,6400,128,1.00
2965,6400,128,1.00
2966,6400,128,1.00
2967,6400,128,1.00
2968,6400,128,1.00
2969,6400,128,1.00
2970,6400,128,1.00
2971,6400,128,1.00
2972,6400,128,1.00
2973,6400,128,1.00
2974,6400,128,1.00
2975,6400,128,1.00
2976,6400,128,1.00
2977,6400,128,1.00
2978,6400,128,1.00
2979,6400,128,1.00
2980,6400,128,1.00
2981,6400,128,1.00
2982,6400,128,1.00
2983,6400,128,1.00
2984,6400,128,1.00
2985,6400,128,1.00
2986,6400,128,1.00
2987,6400,128,1.00
2988,6400,128,1.00
2989,6400,128,1.00
2990,6400,128,1.00
2991,6400,128,1.00
2992,6400,128,1.00
2993,6400,128,1.00
2994,6400,128,1.00
2995,6400,128,1.00
2996,6400,128,1.00
2997,6400,128,1.00
2998,6400,128,1.00
2999,6400,128,1.00
3000,6400,128,1.00
3001,6400,128,1.00
3002,6400,128,1.00
3003,6400,128,1.00
3004,6400,128,1.00
3005,6400,128,1.00
3006,6400,128,1.00
3007,6400,128,1.00
3008,6400,128,1.00
3009,6400,128,1.00
3010,6400,128,1.00
3011,6400,128,1.00
3012,6400,128,1.00
3013,6400,128,1.00
3014,6400,128,1.00
3015,6400,128,1.00
3016,6400,128,1.00
3017,6400,128,1.00
3018,6400,128,1.00
3019,6400,128,1.00
3020,6400,128,1.00
3021,6400,128,1.00
3022,6400,128,1.00
3023,6400,128,1.00
3024,6400,128,1.00
3025,6400,128,1.00
3026,6400,128,1.00
3027,6400,128,1.00
3028,6400,128,1.00
3029,6400,128,1.00
3030,6400,128,1.00
3031,6400,128,1.00
3032,6400,128,1.00
3033,6400,128,1.00
3034,6400,128,1.00
3035,6400,128,1.00
3036,6400,128,1.00
3037,6400,128,1.00
3038,6400,128,1.00
3039,6400,128,1.00
3040,6400,128,1.00
3041,6400,128,1.00
3042,6400,128,1.00
3043,6400,128,1.00
3044,6400,128,1.00
3045,6400,128,1.00
3046,6400,128,1.00
3047,6400,128,1.00
3048,6400,128,1.00
3049,6400,128,1.00
3050,6400,128,1.00
3051,6400,128,1.00
3052,6400,128,1.00
3053,6400,128,1.00
3054,6400,128,1.00
3055,6400,128,1.00
3056,6400,128,1.00
3057,6400,128,1.00
3058,6400,128,1.00
3059,6400,128,1.00
3060,6400,128,1.00
3061,6400,128,1.00
3062,6400,128,1.00
3063,6400,128,1.00
3064,6400,128,1.00
3065,6400,128,1.00
3066,6400,128,1.00
3067,6400,128,1.00
3068,6400,128,1.00
3069,6400,128,1.00
3070,6400,128,1.00
3071,6400,128,1.00
3072,6400,128,1.00
3073,6400,128,1.00
3074,6400,128,1.00
3075,6400,128,1.00
3076,6400,128,1.00
3077,6400,128,1.00
3078,6400,128,1.00
3079,6400,128,1.00
3080,6400,128,1.00
3081,6400,128,1.00
3082,6400,128,1.00
3083,6400,128,1.00
3084,6400,128,1.00
3085,6400,128,1.00
3086,6400,128,1.00
3087,6400,128,1.00
3088,6400,128,1.00
3089,6400,128,1.00
3090,6400,128,1.00
3091,6400,128,1.00
3092,6400,128,1.00
3093,6400,128,1.00
3094,6400,128,1.00
3095,6400,128,1.00
3096,6400,128,1.00
3097,6400,128,1.00
3098,6400,128,1.00
3099,6400,128,1.00
3100,6400,128,1.00
3101,6400,128,1.00
3102,6400,128,1.00
3103,6400,128,1.00
3104,6400,128,1.00
3105,6400,128,1.00
3106,6400,128,1.00
3107,6400,128,1.00
3108,6400,128,1.00
3109,6400,128,1.00
3110,6400,128,1.00
3111,6400,128,1.00
3112,6400,128,1.00
3113,6400,128,1.00
3114,6400,128,1.00
3115,6400,128,1.00
3116,6400,128,1.00
3117,6400,128,1.00
3118,6400,128,1.00
3119,6400,128,1.00
3120,6400,128,1.00
3121,6400,128,1.00
3122,6400,128,1.00
3123,6400,128,1.00
3124,6400,128,1.00
3125,6400,128,1.00
3126,6400,128,1.00
3127,6400,128,1.00
3128,6400,128,1.00
3129,6400,128,1.00
3130,6400,128,1.00
3131,6400,128,1.00
3132,6400,128,1.00
3133,6400,128,1.00
3134,6400,128,1.00
3135,6400,128,1.00
3136,6400,128,1.00
3137,6400,128,1.00
3138,6400,128,1.00
3139,6400,128,1.00
3140,6400,128,1.00
3141,6400,128,1.00
3142,6400,128,1.00
3143,6400,128,1.00
3144,6400,128,1.00
3145,6400,128,1.00
3146,6400,128,1.00
3147,6400,128,1.00
3148,6400,128,1.00
3149,6400,128,1.00
3150,6400,128,1.00
3151,6400,128,1.00
3152,6400,128,1.00
3153,6400,128,1.00
3154,6400,128,1.00
3155,6400,128,1.00
3156,6400,128,1.00
3157,6400,128,1.00
3158,6400,128,1.00
3159,6400,128,1.00
3160,6400,128,1.00
3161,6400,128,1.00
3162,6400,128,1.00
3163,6400,128,1.00
3164,6400,128,1.00
3165,6400,128,1.00
3166,6400,128,1.00
3167,6400,128,1.00
3168,6400,128,1.00
3169,6400,128,1.00
3170,6400,128,1.00
3171,6400,128,1.00
3172,6400,128,1.00
3173,6400,128,1.00
3174,6400,128,1.00
3175,6400,128,1.00
3176,6400,128,1.00
3177,6400,128,1.00
3178,6400,128,1.00
3179,6400,128,1.00
3180,6400,128,1.00
3181,6400,128,1.00
3182,6400,128,1.00
3183,6400,128,1.00
3184,6400,128,1.00
3185,6400,128,1.00
3186,6400,128,1.00
3187,6400,128,1.00
3188,6400,128,1.00
3189,6400,128,1.00
3190,6400,128,1.00
3191,6400,128,1.00
3192,6400,128,1.00
3193,6400,128,1.00
3194,6400,128,1.00
3195,6400,128,1.00
3196,6400,128,1.00
3197,6400,128,1.00
3198,6400,128,1.00
3199,6400,128,1.00
3200,6400,128,1.00
3201,6400,128,1.00
3202,6400,128,1.00
3203,6400,128,1.00
3204,6400,128,1.00
3205,6400,128,1.00
3206,6400,128,1.00
3207,6400,128,1.00
3208,6400,128,1.00
3209,6400,128,1.00
3210,6400,128,1.00
3211,6400,128,1.00
3212,6400,128,1.00
3213,6400,128,1.00
3214,6400,128,1.00
3215,6400,128,1.00
3216,6400,128,1.00
3217,6400,128,1.00
3218,6400,128,1.00
3219,6400,128,1.00
3220,6400,128,1.00
3221,6400,128,1.00
3222,6400,128,1.00
3223,6400,128,1.00
3224,6400,128,1.00
3225,6400,128,1.00
3226,6400,128,1.00
3227,6400,128,1.00
3228,6400,128,1.00
3229,6400,128,1.00
3230,6400,128,1.00
3231,6400,128,1.00
3232,6400,128,1.00
3233,6400,128,1.00
3234,6400,128,1.00
3235,6400,128,1.00
3236,6400,128,1.00
3237,6400,128,1.00
3238,6400,128,1.00
3239,6400,128,1.00
3240,6400,128,1.00
3241,6400,128,1.00
3242,6400,128,1.00
3243,6400,128,1.00
3244,6400,128,1.00
3245,6400,128,1.00
3246,6400,128,1.00
3247,6400,128,1.00
3248,6400,128,1.00
3249,6400,128,1.00
3250,6400,128,1.00
3251,6400,128,1.00
3252,6400,128,1.00
3253,6400,128,1.00
3254,6400,128,1.00
3255,6400,128,1.00
3256,6400,128,1.00
3257,6400,128,1.00
3258,6400,128,1.00
3259,6400,128,1.00
3260,6400,128,1.00
3261,6400,128,1.00
3262,6400,128,1.00
3263,6400,128,1.00
3264,6400,128,1.00
3265,6400,128,1.00
3266,6400,128,1.00
3267,6400,128,1.00
3268,6400,128,1.00
3269,6400,128,1.00
3270,6400,128,1.00
3271,6400,128,1.00
3272,6400,128,1.00
3273,6400,128,1.00
3274,6400,128,1.00
3275,6400,128,1.00
3276,6400,128,1.00
3277,6400,128,1.00
3278,6400,128,1.00
3279,6400,128,1.00
3280,6400,128,1.00
3281,6400,128,1.00
3282,6400,128,1.00
3283,6400,128,1.00
3284,6400,128,1.00
3285,6400,128,1.00
3286,6400,128,1.00
3287,6400,128,1.00
3288,6400,128,1.00
3289,6400,128,1.00
3290,6400,128,1.00
3291,6400,128,1.00
3292,6400,128,1.00
3293,6400,128,1.00
3294,6400,128,1.00
3295,6400,128,1.00
3296,6400,128,1.00
3297,6400,128,1.00
3298,6400,128,1.00
3299,6400,128,1.00
3300,6400,128,1.00
3301,6400,128,1.00
3302,6400,128,1.00
3303,6400,128,1.00
3304,6400,128,1.00
3305,6400,128,1.00
3306,6400,128,1.00
3307,6400,128,1.00
3308,6400,128,1.00
3309,6400,128,1.00
3310,6400,128,1.00
3311,6400,128,1.00
3312,6400,128,1.00
3313,6400,128,1.00
3314,6400,128,1.00
3315,6400,128,1.00
3316,6400,128,1.00
3317,6400,128,1.00
3318,6400,128,1.00
3319,6400,128,1.00
3320,6400,128,1.00
3321,6400,128,1.00
3322,6400,128,1.00
3323,6400,128,1.00
3324,6400,128,1.00
3325,6400,128,1.00
3326,6400,128,1.00
3327,6400,128,1.00
3328,6400,128,1.00
3329,6400,128,1.00
3330,6400,128,1.00
3331,6400,128,1.00
3332,6400,128,1.00
3333,6400,128,1.00
3334,6400,128,1.00
3335,6400,128,1.00
3336,6400,128,1.00
3337,6400,128,1.00
3338,6400,128,1.00
3339,6400,128,1.00
3340,6400,128,1.00
3341,6400,128,1.00
3342,6400,128,1.00
3343,6400,128,1.00
3344,6400,128,1.00
3345,6400,128,1.00
3346,6400,128,1.00
3347,6400,128,1.00
3348,6400,128,1.00
3349,6400,128,1.00
3350,6400,128,1.00
3351,6400,128,1.00
3352,6400,128,1.00
3353,6400,128,1.00
3354,6400,128,1.00
3355,6400,128,1.00
3356,6400,128,1.00
3357,6400,128,1.00
3358,6400,128,1.00
3359,6400,128,1.00
3360,6400,128,1.00
3361,6400,128,1.00
3362,6400,128,1.00
3363,6400,128,1.00
3364,6400,128,1.00
3365,6400,128,1.00
3366,6400,128,1.00
3367,6400,128,1.00
3368,6400,128,1.00
3369,6400,128,1.00
3370,6400,128,1.00
3371,6400,128,1.00
3372,6400,128,1.00
3373,6400,128,1.00
3374,6400,128,1.00
3375,6400,128,1.00
3376,6400,128,1.00
3377,6400,128,1.00
3378,6400,128,1.00
3379,6400,128,1.00
3380,6400,128,1.00
3381,6400,128,1.00
3382,6400,128,1.00
3383,6400,128,1.00
3384,6400,128,1.00
3385,6400,128,1.00
3386,6400,128,1.00
3387,6400,128,1.00
3388,6400,128,1.00
3389,6400,128,1.00
3390,6400,128,1.00
3391,6400,128,1.00
3392,6400,128,1.00
3393,6400,128,1.00
3394,6400,128,1.00
3395,6400,128,1.00
3396,6400,128,1.00
3397,6400,128,1.00
3398,6400,128,1.00
3399,6400,128,1.00
3400,6400,128,1.00
3401,6400,128,1.00
3402,6400,128,1.00
3403,6400,128,1.00
3404,6400,128,1.00
3405,6400,128,1.00
3406,6400,128,1.00
3407,6400,128,1.00
3408,6400,128,1.00
3409,6400,128,1.00
3410,6400,128,1.00
3411,6400,128,1.00
3412,6400,128,1.00
3413,6400,128,1.00
3414,6400,128,1.00
3415,6400,128,1.00
3416,6400,128,1.00
3417,6400,128,1.00
3418,6400,128,1.00
3419,6400,128,1.00
3420,6400,128,1.00
3421,6400,128,1.00
3422,6400,128,1.00
3423,6400,128,1.00
3424,6400,128,1.00
3425,6400,128,1.00
3426,6400,128,1.00
3427,6400,128,1.00
3428,6400,128,1.00
3429,6400,128,1.00
3430,6400,128,1.00
3431,6400,128,1.00
3432,6400,128,1.00
3433,6400,128,1.00
3434,6400,128,1.00
3435,6400,128,1.00
3436,6400,128,1.00
3437,6400,128,1.00
3438,6400,128,1.00
3439,6400,128,1.00
3440,6400,128,1.00
3441,6400,128,1.00
3442,6400,128,1.00
3443,6400,128,1.00
3444,6400,128,1.00
3445,6400,128,1.00
3446,6400,128,1.00
3447,6400,128,1.00
3448,6400,128,1.00
3449,6400,128,1.00
3450,6400,128,1.00
3451,6400,128,1.00
3452,6400,128,1.00
3453,6400,128,1.00
3454,6400,128,1.00
3455,6400,128,1.00
3456,6400,128,1.00
3457,6400,128,1.00
3458,6400,128,1.00
3459,6400,128,1.00
3460,6400,128,1.00
3461,6400,128,1.00
3462,6400,128,1.00
3463,6400,128,1.00
3464,6400,128,1.00
3465,6400,128,1.00
3466,6400,128,1.00
3467,6400,128,1.00
3468,6400,128,1.00
3469,6400,128,1.00
3470,6400,128,1.00
3471,6400,128,1.00
3472,6400,128,1.00
3473,6400,128,1.00
3474,6400,128,1.00
3475,6400,128,1.00
3476,6400,128,1.00
3477,6400,128,1.00
3478,6400,128,1.00
3479,6400,128,1.00
3480,6400,128,1.00
3481,6400,128,1.00
3482,6400,128,1.00
3483,6400,128,1.00
3484,6400,128,1.00
3485,6400,128,1.00
3486,6400,128,1.00
3487,6400,128,1.00
3488,6400,128,1.00
3489,6400,128,1.00
3490,6400,128,1.00
3491,6400,128,1.00
3492,6400,128,1.00
3493,6400,128,1.00
3494,6400,128,1.00
3495,6400,128,1.00
3496,6400,128,1.00
3497,6400,128,1.00
3498,6400,128,1.00
3499,6400,128,1.00
3500,6400,128,1.00
3501,6400,128,1.00
3502,6400,128,1.00
3503,6400,128,1.00
3504,6400,128,1.00
3505,6400,128,1.00
3506,6400,128,1.00
3507,6400,128,1.00
3508,6400,128,1.00
3509,6400,128,1.00
3510,6400,128,1.00
3511,6400,128,1.00
3512,6400,128,1.00
3513,6400,128,1.00
3514,6400,128,1.00
3515,6400,128,1.00
3516,6400,128,1.00
3517,6400,128,1.00
3518,6400,128,1.00
3519,6400,128,1.00
3520,6400,128,1.00
3521,6400,128,1.00
3522,6400,128,1.00
3523,6400,128,1.00
3524,6400,128,1.00
3525,6400,128,1.00
3526,6400,128,1.00
3527,6400,128,1.00
3528,6400,128,1.00
3529,6400,128,1.00
3530,6400,128,1.00
3531,6400,128,1.00
3532,6400,128,1.00
3533,6400,128,1.00
3534,6400,128,1.00
3535,6400,128,1.00
3536,6400,128,1.00
3537,6400,128,1.00
3538,6400,128,1.00
3539,6400,128,1.00
3540,6400,128,1.00
3541,6400,128,1.00
3542,6400,128,1.00
3543,6400,128,1.00
3544,6400,128,1.00
3545,6400,128,1.00
3546,6400,128,1.00
3547,6400,128,1.00
3548,6400,128,1.00
3549,6400,128,1.00
3550,6400,128,1.00
3551,6400,128,1.00
3552,6400,128,1.00
3553,6400,128,1.00
3554,6400,128,1.00
3555,6400,128,1.00
3556,6400,128,1.00
3557,6400,128,1.00
3558,6400,128,1.00
3559,6400,128,1.00
3560,6400,128,1.00
3561,6400,128,1.00
3562,6400,128,1.00
3563,6400,128,1.00
3564,6400,128,1.00
3565,6400,128,1.00
3566,6400,128,1.00
3567,6400,128,1.00
3568,6400,128,1.00
3569,6400,128,1.00
3570,6400,128,1.00
3571,6400,128,1.00
3572,6400,128,1.00
3573,6400,128,1.00
3574,6400,128,1.00
3575,6400,128,1.00
3576,6400,128,1.00
3577,6400,128,1.00
3578,6400,128,1.00
3579,6400,128,1.00
3580,6400,128,1.00
3581,6400,128,1.00
3582,6400,128,1.00
3583,6400,128,1.00
3584,6400,128,1.00
3585,6400,128,1.00
3586,6400,128,1.00
3587,6400,128,1.00
3588,6400,128,1.00
3589,6400,128,1.00
3590,6400,128,1.00
3591,6400,128,1.00
3592,6400,128,1.00
3593,6400,128,1.00
3594,6400,128,1.00
3595,6400,128,1.00
3596,6400,128,1.00
3597,6400,128,1.00
3598,6400,128,1.00
3599,6400,128,1.00
3600,6400,128,1.00
